0,1,0%,,
,,,,
index, Location_new,#VALUE!,Location,Location
Total,50453,100%,,
RURAL,13697,27%,,
URBAN,36756,73%,,
,,,,
index, State_new,#VALUE!,State,State
Total,50453,100%,,
ANDAMAN NICOBAR,416,1%,,
ANDHRA PRADESH,1014,2%,,
ARUNACHAL PRADESH,881,2%,,
ASSAM,1271,3%,,
BIHAR,1496,3%,,
CHANDIGARH,671,1%,,
CHATTISHGARH,1061,2%,,
DADAR NAGAR HAVELI,286,1%,,
DAMAN DIU,286,1%,,
DELHI,1343,3%,,
GOA,642,1%,,
GUJARAT,3924,8%,,
HARYANA,1113,2%,,
HIMACHAL PRADESH,821,2%,,
JAMMU AND KASHMIR,1136,2%,,
JHARKHAND,1001,2%,,
KARNATAKA,3177,6%,,
KERALA,1522,3%,,
MADHYA PRADESH,2452,5%,,
MAHARASHTRA,4552,9%,,
MANIPUR,761,2%,,
MEGHALAYA,821,2%,,
MIZORAM,761,2%,,
NAGALAND,806,2%,,
ODISHA,1361,3%,,
PUDUCHERRY,383,1%,,
PUNJAB,2416,5%,,
RAJASTHAN,2002,4%,,
SIKKIM,671,1%,,
TAMIL NADU,2541,5%,,
TELANGANA,1539,3%,,
TRIPURA,761,2%,,
UTTAR PRADESH,3609,7%,,
UTTARAKHAND,836,2%,,
WEST BENGAL,2120,4%,,
,,,,
index, City_new,#VALUE!,City,City
Total,50453,100%,,
AGARTALA,641,1%,,
AHMEDABAD,801,2%,,
AIZWAL,641,1%,,
ALLAHABAD,384,1%,,
AMRITSAR,640,1%,,
BANGLORE,1179,2%,,
BARDHAMAN,427,1%,,
BHAGALPUR,214,0%,,
BHARATPUR,90,0%,,
BHOPAL,428,1%,,
CHANDIGARH,641,1%,,
CHENNAI,1183,2%,,
CHURU,90,0%,,
COIMBATORE,642,1%,,
COOCH BEHAR,427,1%,,
CUTTACK,320,1%,,
DAMAN,256,1%,,
DEHRADUN,321,1%,,
DELHI,1343,3%,,
DHANBAD,213,0%,,
DURG,320,1%,,
FARIDABAD,320,1%,,
GANGTOK,641,1%,,
GHAZIABAD,385,1%,,
GUHWAHATI,214,0%,,
GULBARGA,641,1%,,
GUNTUR,427,1%,,
GURGAON,320,1%,,
GWALIOR,427,1%,,
HYDERABAD,967,2%,,
IMPHAL,641,1%,,
INDORE,427,1%,,
JAIPUR,428,1%,,
JALLANDHAR,641,1%,,
JAMMU,321,1%,,
JAMSHEDPUR,214,0%,,
JHUNJHUNU,90,0%,,
JODHPUR,517,1%,,
KAMRUP,214,0%,,
KANGRA,213,0%,,
KANPUR,384,1%,,
KARAULI,120,0%,,
KARIMNAGAR,258,1%,,
KOCHI,641,1%,,
KOHIMA,641,1%,,
KOLKATA,966,2%,,
LOWER SUBANSARI,641,1%,,
LUCKNOW,384,1%,,
LUDHIANA,640,1%,,
MADGAON,306,1%,,
MANDI,214,0%,,
MUMBAI,1178,2%,,
MUZAFFARPUR,213,0%,,
MYSORE,643,1%,,
NAGPUR,641,1%,,
NAINITAL,320,1%,,
NASHIK,641,1%,,
NOT AVAILABLE,12782,25%,,
PANAJI,306,1%,,
PATNA,214,0%,,
PORT BLAIR,384,1%,,
PRATAPGARH,120,0%,,
PUDUCHERRY,383,1%,,
PUNE,641,1%,,
PURI,321,1%,,
RAIPUR,321,1%,,
RAJKOT,801,2%,,
RANCHI,214,0%,,
SAWAI MADHOPUR,120,0%,,
SHILLONG,641,1%,,
SHIMLA,214,0%,,
SILVASA,256,1%,,
SRINAGAR,320,1%,,
SURAT,801,2%,,
THANE,641,1%,,
TINSUKIA,213,0%,,
TRIVANDRUM,641,1%,,
UDAIPUR,427,1%,,
VADODARA,801,2%,,
VARANASI,384,1%,,
VIZAG,427,1%,,
,,,,
index, District_new,#VALUE!,District,District
Total,50453,100%,,
AGRA,66,0%,,
AHMEDABAD,90,0%,,
AMRELI,90,0%,,
AMROHA,74,0%,,
ASHOK NAGAR,46,0%,,
BALAGHAT,92,0%,,
BANDIPORE,87,0%,,
BANGLORE,130,0%,,
BANKURA,60,0%,,
BARAGARH,90,0%,,
BARWANI,46,0%,,
BHAGALPUR,70,0%,,
BHARATPUR,90,0%,,
BULANDSHAHIR,90,0%,,
BULDANA,90,0%,,
CACHAR,90,0%,,
CHAMARAJNAGAR,89,0%,,
CHAMBA,60,0%,,
CHANDIGARH,30,0%,,
CHICKBALLAPUR,53,0%,,
CHURU,90,0%,,
CUDDALORE,115,0%,,
DADAR NAGAR HAVELI,30,0%,,
DAMAN,30,0%,,
DARANG,90,0%,,
DEHRADUN,84,0%,,
DIMAPUR,56,0%,,
DINDIGAL,100,0%,,
EAST KHASI HILLS,60,0%,,
EAST NAGAR,46,0%,,
FAIZABAD,100,0%,,
FIROZABAD,105,0%,,
FIROZPUR,90,0%,,
GANDHI NAGAR,90,0%,,
GANGTOK,30,0%,,
GANJAM,91,0%,,
GIRDHI,60,0%,,
GOA,30,0%,,
GONDA,68,0%,,
GUNA,92,0%,,
GUNTUR,78,0%,,
HAILAKANDI,90,0%,,
HARIDWAR,56,0%,,
HARSUGUDA,90,0%,,
HASAN,86,0%,,
HOSHANGABAD,92,0%,,
HOSHIYARPUR,90,0%,,
HOWRAH,60,0%,,
HUGLI,60,0%,,
IMPHAL WEST,60,0%,,
JAGATSINGHPUR,89,0%,,
JAJPUR,90,0%,,
JALGAON,90,0%,,
JAMMU,58,0%,,
JAMNAGAR,90,0%,,
JAMTARA,60,0%,,
JAMUI,76,0%,,
JHUNJHUNU,90,0%,,
JIND,90,0%,,
JODHPUR,90,0%,,
JUNAGADH,90,0%,,
KAITHAL,90,0%,,
KALAHANDI,90,0%,,
KAMRUP,90,0%,,
KANDHAMAL,90,0%,,
KANER,114,0%,,
KANGRA,60,0%,,
KANSHIRAM NAGAR,201,0%,,
KANYAKUMARI,170,0%,,
KARAULI,120,0%,,
KARBI ANGLONG,90,0%,,
KARIMGANJ,90,0%,,
KASARGUD,58,0%,,
KATHUA,87,0%,,
KENDRAPADA,90,0%,,
KHUNTI,60,0%,,
KISHTWAR,89,0%,,
KODARMA,60,0%,,
KOLAR,87,0%,,
KOPPAL,89,0%,,
KORBA,114,0%,,
KOTTAYAM,60,0%,,
LATUR,90,0%,,
LOWER SUBANSARI,240,0%,,
MADHUBANI,52,0%,,
MAHABOOB NAGAR,67,0%,,
MAHAMAYA NAGAR,136,0%,,
MAHENDRAGARH,90,0%,,
MAHOBA,99,0%,,
MAMIT,60,0%,,
MATHURA,124,0%,,
MEDAK,84,0%,,
MOHALI,60,0%,,
MOKOKCHUNG,55,0%,,
MORENA,69,0%,,
MORIGAON,90,0%,,
MUNGER,75,0%,,
NAL GONDA,83,0%,,
NALANDA,74,0%,,
NARMADA,90,0%,,
NASHIK,90,0%,,
NORTH,30,0%,,
NOT AVAILABLE,36788,73%,,
PALAKKAD,60,0%,,
PALGHAR,90,0%,,
PANCH MAHAL,90,0%,,
PANCHKULA,90,0%,,
PANIPAT,113,0%,,
PASCHIM SINGHBHUM,60,0%,,
PATHANKOT,71,0%,,
PATIALA,90,0%,,
PEREN,54,0%,,
PILIBHIT,96,0%,,
PRATAPGARH,120,0%,,
PUDUCHERRY,30,0%,,
PURBA MEDINIPUR,60,0%,,
RAI BAREILY,78,0%,,
RAICHUR,87,0%,,
RAIGARH,77,0%,,
RAJNANDGAON,115,0%,,
RAJOURI,87,0%,,
RAMANATHA PURAM,54,0%,,
RAMPUR,84,0%,,
RANGAREDDY,80,0%,,
REASI,87,0%,,
REWA,161,0%,,
ROHTAS,97,0%,,
RUDRAPRAYAG,55,0%,,
SAGAR,92,0%,,
SAHARSA,75,0%,,
SANT RAVIDAS NAGAR,76,0%,,
SARAIKELA,60,0%,,
SATARA,90,0%,,
SATNA,67,0%,,
SAWAI MADHOPUR,120,0%,,
SERCHHIP,60,0%,,
SHAHDOL,46,0%,,
SHEOHAR,78,0%,,
SHEOPUR,46,0%,,
SINDHI,92,0%,,
SINDHUDURG,90,0%,,
SINGRAULI,91,0%,,
SITAPUR,62,0%,,
SOLAPUR,90,0%,,
SONBHADRA,86,0%,,
SOUTH WEST,135,0%,,
SOUTH WEST KHASI HILLS,60,0%,,
SUPAUL,119,0%,,
SURENDRANAGAR,90,0%,,
TAMENGLONG,60,0%,,
TARN TARAN,94,0%,,
THANE,90,0%,,
THRISSUR,62,0%,,
TIRUNELVELI,277,1%,,
TUMKUR,93,0%,,
UJJAIN,92,0%,,
UNA,60,0%,,
UNNAO,60,0%,,
UTTAR DINAJPUR,60,0%,,
VAISHALI,139,0%,,
VARANASI,83,0%,,
VIZIANAGARAM,82,0%,,
WEST KHASI HILLS,60,0%,,
WEST TRIPURA,120,0%,,
,,,,
index, Village_new,#VALUE!,Vilage,Vilage
Total,50453,100%,,
1285 SIR MV CHICKBALLAPUR,1,0%,,
14 BEHIND VANI SCHOOL SONNA SHETTY,1,0%,,
17 WARD JETHY STREET,1,0%,,
1723 TANK BOND ROAD,1,0%,,
"1884,HS GARDEN",1,0%,,
"211, 10 WARD MALAPALLI",1,0%,,
258 WARD 11 CC CIRCLE,1,0%,,
2895 NREXTENSION,1,0%,,
30 ANAND LAYOOT,1,0%,,
"303, WARD 04 NEAR PATHI HOSP. PRASHANTH NAGAR",2,0%,,
"309, NEAR SADDHUMATTA ROAD",1,0%,,
4 CROSS GUNDAPPA LAYOUT,1,0%,,
4 TAWK BOND RD,1,0%,,
440 SOPPIVA BEEDI NAUDI ROAD,1,0%,,
49 POLICE QTARS PRADHANT NAGAR,1,0%,,
5 CROSS KANAMPALLI,1,0%,,
"98, DANTHE KALLAHALLI",1,0%,,
AAGANVA,30,0%,,
ADUPUR,44,0%,,
AGRIPADA,59,0%,,
AHUTI,35,0%,,
AJAS,29,0%,,
AJEET NAGAR,24,0%,,
AJNOLI,30,0%,,
AKHOIA,28,0%,,
ALLAPADU,78,0%,,
AMBAVALI,30,0%,,
AMMAIAPPA NAYAKKANUR,34,0%,,
ANON,20,0%,,
ARAGAM,29,0%,,
ARAM,17,0%,,
ARDA,38,0%,,
ARIYAN KUPAM,19,0%,,
ARJUNI,38,0%,,
ARUNPUR,18,0%,,
ASHAPURA,20,0%,,
ATABIRA,49,0%,,
ATARPATHA,30,0%,,
ATAS,44,0%,,
ATHOLA,30,0%,,
AVHANA,30,0%,,
AWARI,23,0%,,
BAD KHARA,23,0%,,
BADA GAON,30,0%,,
BADA WAZIDPUR,30,0%,,
BADAMADHAPUR,24,0%,,
BADANGUPPE,44,0%,,
BADANUR,33,0%,,
BADATAL,32,0%,,
BADHUNA,27,0%,,
BADOKHAR,23,0%,,
BAGDEHI,10,0%,,
BAGHAWAR,23,0%,,
BAGLA,29,0%,,
BAGODAAR,38,0%,,
BAIKUNDPUR,22,0%,,
BALABHADRAPUR,24,0%,,
BALARAMPUR,41,0%,,
BAMANBOR,30,0%,,
BANAMALIPUR,30,0%,,
BANASANDRA,29,0%,,
BANBHORI,21,0%,,
BANDA KOTE MINDIGAL,1,0%,,
BANNIKOPPE,36,0%,,
BAR PATHAR,30,0%,,
BARADIH,1,0%,,
BARAMPUR,30,0%,,
BARBALA,30,0%,,
BARBARI,30,0%,,
BARDIYA,23,0%,,
BARGAON,10,0%,,
BARJHAR,30,0%,,
BASETI,18,0%,,
BASODA,23,0%,,
BATESHWAR,27,0%,,
BB NAGAR,5,0%,,
BEHIND KEB QT RS,1,0%,,
BEHIND PRAGATHI COLLAGE TB ROAD,1,0%,,
BELABAR,30,0%,,
BELLUR,1,0%,,
BERIMURA,30,0%,,
BEWA,30,0%,,
BHADDAM,30,0%,,
BHAGATPUR,30,0%,,
BHALUI,38,0%,,
BHALUKANA,1,0%,,
BHAMARHA,23,0%,,
BHATHI,23,0%,,
BHIKHARI PUR,27,0%,,
BHUKHRI,30,0%,,
BIBHAVI,28,0%,,
BIBI NAGAR,26,0%,,
BIGANA,30,0%,,
BILHA KUWAKHEDA,23,0%,,
BINA MITTI,43,0%,,
BINAYAK KHEDI,23,0%,,
BISHUNPUR GHANU,36,0%,,
BISNUGHAR,30,0%,,
BODAVAMARI (V) KOTAGAL,1,0%,,
BODMA,30,0%,,
BODUPPAL,42,0%,,
BOHALI,28,0%,,
BOMSHILLA,10,0%,,
BOORAGAMA KALA HALLI,1,0%,,
BRAHAMANWADE,30,0%,,
BRAHMAND,11,0%,,
BRAR,29,0%,,
BRISINGPUR,23,0%,,
BUKAN KHANWALA,30,0%,,
CHANDI NAGAR,30,0%,,
CHANDPURA,23,0%,,
CHATHA,29,0%,,
CHAZHOOR,31,0%,,
CHECHAI,30,0%,,
CHERPALASSERY,23,0%,,
CHIKKANAHALLI,19,0%,,
CHIRAMADAM,66,0%,,
CHITRAVADI,30,0%,,
CHOD,42,0%,,
CHOKKADAHALLI,42,0%,,
CHOWDASANDRA P.O,1,0%,,
CHURHAT,23,0%,,
CHURIKALA,38,0%,,
CHURKI,23,0%,,
DAHGALA,24,0%,,
DANDIN SHIVAR,16,0%,,
DASHAHARA,27,0%,,
DAUDWALA,28,0%,,
DEBANDI,30,0%,,
DEKAR GAON,30,0%,,
DEULKUR,32,0%,,
DEVANAHALLI,44,0%,,
DEVLIYA,30,0%,,
DHANGHARA,30,0%,,
DHARAMGARHI,29,0%,,
DHARAMPUR,26,0%,,
DHAULA KHERA,30,0%,,
DHOLA PANI,30,0%,,
DHOLAKUVA,30,0%,,
DIHINGIA,30,0%,,
DIKIURAM,30,0%,,
DOBBAPURA VILLAGE ANOOR POST,1,0%,,
DODDABALLAPUR,33,0%,,
DUDWA,22,0%,,
DUGRI AWANA,30,0%,,
DUHURIA,46,0%,,
DUMBI SAI,30,0%,,
DUMRAILA,26,0%,,
DUNGAPUR,30,0%,,
EKSARA,14,0%,,
ERACHAKULAM,61,0%,,
FATTUWALA,30,0%,,
FUPNAGARI,30,0%,,
GADAGHAT,23,0%,,
GAJRAULA,38,0%,,
GANGAI KONDAN,83,0%,,
GANGOLI,30,0%,,
GARHRIDAM,30,0%,,
GHALWAR,23,0%,,
GHATIYA,23,0%,,
GOBINDSAR,29,0%,,
GODBHAGA,28,0%,,
GOELA KHURD,29,0%,,
GOPALLI VILLAGE NANDI GRAM HALLI,1,0%,,
GOPALPURA,30,0%,,
GOTHDA,23,0%,,
GOTU,30,0%,,
GOVARI,23,0%,,
GUDLA KURKI,1,0%,,
GULABIGARHI,34,0%,,
GULALPUR,23,0%,,
GUNJ RAMPUR,23,0%,,
HABIBPUR,17,0%,,
HAGLUR,30,0%,,
HALLI MYSORE,27,0%,,
HALWAL,25,0%,,
HAMIRI KALAN,30,0%,,
HARADANALLI,35,0%,,
HARAHALLI,44,0%,,
HARKUL,30,0%,,
HAROT KOT,29,0%,,
HARSIAGACHH,30,0%,,
HATEDI BUDRUK,30,0%,,
HATIYA,30,0%,,
HATTA,30,0%,,
HATTIYA GACHHI BASTI,25,0%,,
HAYATPUR,42,0%,,
HEINOUKHONGNEMBI,30,0%,,
HIREHALLI,48,0%,,
HOSAPETE (V)JANGAMA KOTE,1,0%,,
HUALTU,30,0%,,
HUNSENA HALLI THIPPENA HALLI,1,0%,,
HUPA,30,0%,,
HUSSAIN PURA ULLAPANA HALLI,1,0%,,
IKKAR,28,0%,,
IMAMPUR,16,0%,,
INDIRA NAGAR,30,0%,,
ITAGI,51,0%,,
JAGANNATHPUR,16,0%,,
JAGNA,7,0%,,
JAMAKANI,60,0%,,
JAMALPUR,30,0%,,
JAMDHAR,20,0%,,
JAMLAI,30,0%,,
JANWALI,18,0%,,
JAURA KHURD,23,0%,,
JAYANT,23,0%,,
JETHIYAVADAR,30,0%,,
JHATIPADAR,9,0%,,
JHOK HARIHAR,30,0%,,
JIGNA,22,0%,,
JIHNGURDA,22,0%,,
JIKAR,30,0%,,
JIKSANA,30,0%,,
JJ NAGAR RLY STATION ROAD,1,0%,,
JOGIPURA,30,0%,,
JOLKO,12,0%,,
JUNAPALGHAR,5,0%,,
KADIYAN,30,0%,,
KAGLIPURA,41,0%,,
KAIMA,14,0%,,
KAIWARA V&PO,2,0%,,
KAJHERI,30,0%,,
KAKA KARYALA,35,0%,,
KALAI,28,0%,,
KALAKURI,30,0%,,
KALAYANPUR,30,0%,,
KALI KAMBA TEMPLE RD NR. EXTN.,1,0%,,
KALKHA,28,0%,,
KALLAKALU,31,0%,,
KAMEDI,30,0%,,
KAMRAULI,26,0%,,
KAMRI,30,0%,,
KANAL,23,0%,,
KANCHANPUR,25,0%,,
KANDARAKOHAI,65,0%,,
KANHMUN,30,0%,,
KARAIN,29,0%,,
KARMA,23,0%,,
KASARVADAVLI,45,0%,,
KATANGA,23,0%,,
KATHANNA,30,0%,,
KATHAUTA,14,0%,,
KAUL,25,0%,,
KAWRTHAH,30,0%,,
KELWAD,30,0%,,
KESERE,9,0%,,
KESINGA,78,0%,,
KESRA,15,0%,,
KHACHROD,23,0%,,
KHADIYA,30,0%,,
KHADKE,16,0%,,
KHAIRA,30,0%,,
KHAIRAMA,12,0%,,
KHAJURI,28,0%,,
KHAR KHUTTO,30,0%,,
KHELMA,28,0%,,
KHIJURI,30,0%,,
KHIRAPALLI,12,0%,,
KHOTO,30,0%,,
KHUMTUNG,30,0%,,
KILLING GAON,30,0%,,
KISHANPURA,30,0%,,
KOBA,30,0%,,
KODAIKANAL ROAD,66,0%,,
KODIGAL(V&P)MUNGANAHALLI,1,0%,,
KOIWALI,30,0%,,
KOLVA,30,0%,,
KONDI,30,0%,,
KOROLA,30,0%,,
KOSTA,23,0%,,
KOTHAVALASA,19,0%,,
KOTTOR,37,0%,,
KOTUCHERRY,11,0%,,
KUCH KUTH,9,0%,,
KUDASAR,30,0%,,
KUHWA KHEDA,16,0%,,
KULAMDI,23,0%,,
KUMBHARI,30,0%,,
KUMBHEI,10,0%,,
KUMTHE,11,0%,,
KUNTA,30,0%,,
KUNWA KHERA,9,0%,,
KURUVIKULAM,78,0%,,
L. MUTHAKADAHALLI KESHAVARA,2,0%,,
LAADPUR,24,0%,,
LAITDUH,30,0%,,
"LAKHIR BOND, PART-2",30,0%,,
"LAKHIRBOND, PART-1",30,0%,,
LAKHOLI,39,0%,,
LALPUR,19,0%,,
LAXMI PUR,18,0%,,
LILADHARPUR,24,0%,,
LODHIYANPURWA,23,0%,,
LOHABAN,44,0%,,
LOHARGARA,30,0%,,
MADHAWALI,35,0%,,
MADHOPUR,39,0%,,
MADHOSINGHPURA,30,0%,,
MAHADEV,26,0%,,
MAHALANGRA,30,0%,,
MAHAPUR,30,0%,,
MAIBAM LEIKAI,30,0%,,
MALAAUTAAL,30,0%,,
MALAIGAWA,23,0%,,
MALAYPUR,18,0%,,
MALHIA,29,0%,,
MALIKPUR,50,0%,,
MAMDAR,23,0%,,
MAMURABAD,14,0%,,
MANEK VADA,30,0%,,
MANGAL AWANA,30,0%,,
MANGALA,10,0%,,
MANID,30,0%,,
MANJESWAR,18,0%,,
MANJHIAAMA,38,0%,,
MANKAPUR,17,0%,,
MANKI,38,0%,,
MANPUR,31,0%,,
MANPURA,30,0%,,
MARIDIMAMLA COLONY,14,0%,,
MASHRIGANJ,3,0%,,
MATAPURA,23,0%,,
MATHAPADAR,12,0%,,
MATTA,29,0%,,
MAWTEN,30,0%,,
MEENUGIRI,31,0%,,
MELUR(V&P) SIDLAGHATTA,1,0%,,
MG ROAD BEHIND SC/ST GIRLS HOSTEL,1,0%,,
MINDIGAL (V),2,0%,,
MIRPUR,35,0%,,
MITHPURI,23,0%,,
MOHANPUR,25,0%,,
MOHARI,24,0%,,
MOHEGAON,30,0%,,
MOLADI,30,0%,,
MORTHOWALA,28,0%,,
MOUDAMBALI,9,0%,,
MUANA,30,0%,,
MUDANG TAGE,39,0%,,
MUGHAL CHAK,30,0%,,
MUNGSARA,10,0%,,
MUNJIYASAR,30,0%,,
MURKATA,30,0%,,
MUSIRAM,41,0%,,
NABADIA,12,0%,,
NAGALA PORA,38,0%,,
NAGTHANE,30,0%,,
NAIPURA,23,0%,,
NARAPALLY,38,0%,,
NARELI,23,0%,,
NASHRIGANJ,21,0%,,
NATHER,30,0%,,
NAUDHIYA,23,0%,,
NAUKA,28,0%,,
NAVAGAM,30,0%,,
NAYAPURA,30,0%,,
NEAR D.P.S 4 CROSS ASHWINI LAYOUT,1,0%,,
NEW PITAPOOL,44,0%,,
NEW SEELAMPUR,6,0%,,
NEW SOGET,26,0%,,
NIMDIH,30,0%,,
NIMLI KHURD,30,0%,,
NIRMALI,42,0%,,
NIZAMPUR,28,0%,,
NONGLANG,30,0%,,
NONGRAIT,30,0%,,
NOT AVAILABLE,36788,73%,,
OOLAVADI,1,0%,,
OWALE,27,0%,,
OWDARNI,29,0%,,
PAAKARGAON,39,0%,,
PADARADI,30,0%,,
PADARIYA,23,0%,,
PAGIDIPALLY,21,0%,,
PAIKARAPUR,18,0%,,
PALENA HALLI(V) SHETTI HALLI POST,1,0%,,
PALLITHARA,37,0%,,
PANANCHERY,31,0%,,
PANDARWAHI,38,0%,,
PANNDRA,30,0%,,
PANOT,36,0%,,
PANTI,23,0%,,
PANWARI,30,0%,,
PAPLOHA,30,0%,,
PAPRAWAT,47,0%,,
PARAS WADA,23,0%,,
PASIANA,30,0%,,
PATANCHARUVU,6,0%,,
PATANCHERU,19,0%,,
PATAUNA,10,0%,,
PATEHARA,23,0%,,
PATHANCHAK,32,0%,,
PATHANIA,30,0%,,
PATHARA,45,0%,,
PATHODI,23,0%,,
PATUWAHA,24,0%,,
PATYARI,29,0%,,
PAWARKHEDA,23,0%,,
PHUDING,28,0%,,
PHULABANI,60,0%,,
PILAKHWARA,26,0%,,
PISSAUR,23,0%,,
PIULONG,30,0%,,
PODAGADA,12,0%,,
POKARI,30,0%,,
PRATAPGUNJ,23,0%,,
PREM PURA,23,0%,,
PULARANUR,50,0%,,
PURAUNA,23,0%,,
PURNA,30,0%,,
QAZIPUR,27,0%,,
R.C.PURAM,28,0%,,
RADHAKURSHNA NAGAR,12,0%,,
RADIALA,30,0%,,
RAGHUNATHPUR,4,0%,,
RAGIRI,1,0%,,
RAHAT GARH,23,0%,,
RAIGIRI,26,0%,,
RAIPUR DILAWAR,43,0%,,
RAJ NAGAR,30,0%,,
RAJAMAYONG,30,0%,,
RAJEEV GANDHI LAYOUT MELUR V,1,0%,,
RAJEEV NAGAR,1,0%,,
RAM NAGAR,34,0%,,
RAMBAG,30,0%,,
RAMGADH,9,0%,,
RAMGASWARI,30,0%,,
RAMMAU,46,0%,,
RAMNAGAR,12,0%,,
RAMNATH KATHAR,28,0%,,
RAMPUR,30,0%,,
RANBIR PURA,30,0%,,
RANGUTIA,30,0%,,
RANIPUR,18,0%,,
RANTI,26,0%,,
RASOOLPUR,28,0%,,
RATHUCHAK,29,0%,,
RAYAGIRI,4,0%,,
RAYSAN,30,0%,,
REORA,30,0%,,
REZMA,26,0%,,
RODAYAN,44,0%,,
S/O N. MURTHY HILL ROAD NAKKUNDI PET,2,0%,,
SAHANGIPUR,2,0%,,
SAIJPUR,30,0%,,
SALIMABAD,30,0%,,
SAMITPIR,30,0%,,
SANDASAHI,20,0%,,
SANGRAM PURA,30,0%,,
SANKARAN KOVIL,72,0%,,
SANTHA KALLA HALLI(V),1,0%,,
SARAI,28,0%,,
SARASEPUR,30,0%,,
SARBHAL,20,0%,,
SATRI,23,0%,,
SAYALKUDI,54,0%,,
SEMARIYA,45,0%,,
SERMEGHAN,29,0%,,
SHAH VADI,30,0%,,
SHAHPUR,53,0%,,
SHAHZADPUR,30,0%,,
SHARANGDHER,29,0%,,
SHEREWADI,21,0%,,
SHIKHAR PATRABER,30,0%,,
SHORPOTA,30,0%,,
SIDHUWAL,30,0%,,
SIHAPURA,8,0%,,
SINGHANA,30,0%,,
SINGWASA,23,0%,,
SIRAULIA,40,0%,,
SIRSAIN,26,0%,,
SISOTH,30,0%,,
SIYAKHAIDI,30,0%,,
SOLAR,30,0%,,
SONGARH,25,0%,,
SONGIRI,20,0%,,
SONVARSHA,23,0%,,
SRIRAM NAGAR CHETUA RD NEAR OVER HEAT TANK,1,0%,,
SUDA HALLI(V) MUDDENA HALLI,1,0%,,
SUIKUR SAI,30,0%,,
SUKADI,23,0%,,
SULTANPUR,40,0%,,
SURAKHPUR,32,0%,,
SURJANWAS,30,0%,,
SURJAPUR,27,0%,,
SUTAHARI,31,0%,,
SYOPURA,30,0%,,
TALKAL,2,0%,,
TALO,9,0%,,
TAMARU,30,0%,,
TATYANA,30,0%,,
TEBARIA,30,0%,,
TELSARA,38,0%,,
THAKURYTOLA,38,0%,,
THIPPENAHALLI,12,0%,,
THIRUPATHYSARAM,44,0%,,
THOOTACAUD,32,0%,,
THOVALAI,43,0%,,
TIMMAPUR,30,0%,,
TORANIYA,23,0%,,
TUKER GRAM,30,0%,,
TUNGLA,27,0%,,
TUNTAPUR,30,0%,,
TURKAULIA,40,0%,,
UDAWAS,30,0%,,
UDUMAGAL,33,0%,,
UMBLAI,30,0%,,
UMSAW,30,0%,,
UNGER,27,0%,,
UTARA,46,0%,,
UTTARAPALLI,8,0%,,
UTTARI,29,0%,,
VANAD,30,0%,,
VAROLI,28,0%,,
VAVADI,30,0%,,
VAVADI BUZARG,30,0%,,
VAZHOOR,28,0%,,
VIBHAPUR,30,0%,,
VIKAS GAON,30,0%,,
VILHOLI,30,0%,,
VIRPUR,33,0%,,
WAGDE,17,0%,,
WAGHBIL,7,0%,,
WARD NO. 14 SONNA SHATTI,1,0%,,
WARD NO.6 2 CAVSS GANESH TEMPLE RD,1,0%,,
WEST NARAYANPUR,30,0%,,
YELACHENAHALLI,22,0%,,
YERAGARA,4,0%,,
ZAFARABAD,30,0%,,
,,,,
index,a4Savings_new,#VALUE!,Savings,Savings
Total,50453,100%,,
40% OF YOUR ANNUAL INCOME,5736,11%,,
40% TO 60% OF YOUR ANNUAL INCOME,9956,20%,,
60% OF YOUR ANNUAL INCOME,494,1%,,
<40% OF YOUR ANNUAL INCOME,31956,63%,,
>60% OF YOUR ANNUAL INCOME,2311,5%,,
,,,,
index,a4Debt_new,#VALUE!,Debt,Debt
Total,50453,100%,,
40% OF YOUR ANNUAL INCOME,2545,5%,,
40% TO 60% OF YOUR ANNUAL INCOME,13144,26%,,
60% OF YOUR ANNUAL INCOME,2460,5%,,
<40% OF YOUR ANNUAL INCOME,27939,55%,,
>60% OF YOUR ANNUAL INCOME,4365,9%,,
,,,,
index,a33_new,#VALUE!,Gender,Gender
Total,50453,100%,,
FEMALE,7437,15%,,
MALE,43016,85%,,
,,,,
index,a34_new,#VALUE!,Age,Age
Total,50453,100%,,
20,1,0%,,
21,2,0%,,
22,15,0%,,
23,37,0%,,
24,54,0%,,
25,551,1%,,
26,754,1%,,
27,587,1%,,
28,1580,3%,,
29,1108,2%,,
30,1906,4%,,
31,743,1%,,
32,2065,4%,,
33,983,2%,,
34,1250,2%,,
35,3442,7%,,
36,2487,5%,,
37,1050,2%,,
38,2926,6%,,
39,1729,3%,,
40,3109,6%,,
41,1233,2%,,
42,2771,5%,,
43,840,2%,,
44,1148,2%,,
45,3874,8%,,
46,1224,2%,,
47,1195,2%,,
48,2455,5%,,
49,857,2%,,
50,1723,3%,,
51,565,1%,,
52,1125,2%,,
53,435,1%,,
54,426,1%,,
55,1167,2%,,
56,491,1%,,
57,220,0%,,
58,441,1%,,
59,142,0%,,
60,436,1%,,
61,89,0%,,
62,228,0%,,
63,98,0%,,
64,55,0%,,
65,323,1%,,
66,40,0%,,
67,43,0%,,
68,113,0%,,
69,39,0%,,
70,115,0%,,
71,14,0%,,
72,34,0%,,
73,16,0%,,
74,25,0%,,
75,72,0%,,
76,2,0%,,
,,,,
index,a35_new,#VALUE!,Education,Education
Total,50453,100%,,
1-7 YEARS,5446,11%,,
11 - 15 YEARS,18618,37%,,
8 -10 YEARS,11700,23%,,
ILLITERATE,2287,5%,,
MORE THAN 15 YEARS,12402,25%,,
,,,,
index,a36_new,#VALUE!,Total Household Income(Rs/Year),Total Household Income(Rs/Year)
Total,50453,100%,,
1 LAKH AND ABOVE,8572,17%,,
20000 - 50000,15070,30%,,
50000 - 1 LAKH,5611,11%,,
BELOW 20000,21200,42%,,
,,,,
index,a38_new,#VALUE!,Primary Occupation Service,Primary Occupation Service
Total,50453,100%,,
AGRICULTURE,7616,15%,,
BUSINESS (SHOP OWNER),6383,13%,,
LABOUR,172,0%,,
NOT AVAILABLE,10,0%,,
OTHER BUSINESS,10181,20%,,
OTHERS (SPECIFY),467,1%,,
PRIMARY OCCUPATION SERVICE,3,0%,,
RETIRED,465,1%,,
SELF EMPLOYED,31,0%,,
SERVICE (GOVERNMENT),5143,10%,,
SERVICE (PRIVATE),19982,40%,,
,,,,
index,a2_new,#VALUE!,No of Financially Depandents,No of Financially Depandents
Total,50453,100%,,
0,1,0%,,
1,7054,14%,,
2,8289,16%,,
3,14244,28%,,
4,11631,23%,,
5,6015,12%,,
6,1969,4%,,
7,703,1%,,
8,306,1%,,
9,124,0%,,
10,51,0%,,
11,38,0%,,
12,12,0%,,
13,4,0%,,
14,8,0%,,
15,2,0%,,
16,1,0%,,
17,1,0%,,
,,,,
index,a1_new,#VALUE!,No of Household,No of Household
Total,50453,100%,,
1,1,0%,,
2,2270,4%,,
3,5960,12%,,
4,14022,28%,,
5,12834,25%,,
6,8421,17%,,
7,3422,7%,,
8,2139,4%,,
9,598,1%,,
10,454,1%,,
11,89,0%,,
12,141,0%,,
13,43,0%,,
14,19,0%,,
15,26,0%,,
16,11,0%,,
18,1,0%,,
20,2,0%,,
,,,,
index,b11_11_new,#VALUE!,Are you aware of the instrument ,Real Estate
Total,50453,100%,,
NO,32688,65%,,
NOT AVAILABLE,49,0%,,
YES,17716,35%,,
,,,,
index,b11_12_new,#VALUE!,Are you aware of the instrument ,Precious Metals (Gold / Silver / Diamond / Platinum etc.)
Total,50453,100%,,
NO,25404,50%,,
NOT AVAILABLE,39,0%,,
YES,25010,50%,,
,,,,
index,b11_13_new,#VALUE!,Are you aware of the instrument ,Others (Specify)
Total,50453,100%,,
NO,43811,87%,,
NOT AVAILABLE,79,0%,,
YES,6563,13%,,
,,,,
index,b11_2_new,#VALUE!,Are you aware of the instrument ,Company Deposits
Total,50453,100%,,
NO,39573,78%,,
NOT AVAILABLE,106,0%,,
YES,10774,21%,,
,,,,
index,b11_3_new,#VALUE!,Are you aware of the instrument ,"Post Office Savings Schemes e.g. NSS, KVP etc."
Total,50453,100%,,
NO,11933,24%,,
NOT AVAILABLE,21,0%,,
YES,38499,76%,,
,,,,
index,b11_5_new,#VALUE!,Are you aware of the instrument ,Pension Schemes
Total,50453,100%,,
NO,32101,64%,,
NOT AVAILABLE,52,0%,,
YES,18300,36%,,
,,,,
index,b11_6_new,#VALUE!,Are you aware of the instrument ,Mutual Funds / SIP
Total,50453,100%,,
NO,40039,79%,,
NOT AVAILABLE,60,0%,,
YES,10354,21%,,
,,,,
index,b11_7_new,#VALUE!,Are you aware of the instrument ,Equity / Stocks / Shares
Total,50453,100%,,
NO,40839,81%,,
NOT AVAILABLE,71,0%,,
YES,9543,19%,,
,,,,
index,b12_1_new,#VALUE!,What is the risk involved in the instrument ,Bank Deposits (Fixed / Recurring / Savings)
Total,50453,100%,,
HIGH,956,2%,,
LOW,40658,81%,,
MEDIUM,7890,16%,,
NOT AVAILABLE,949,2%,,
,,,,
index,b12_11_new,#VALUE!,What is the risk involved in the instrument ,Real Estate
Total,50453,100%,,
HIGH,4273,8%,,
LOW,5623,11%,,
MEDIUM,8053,16%,,
NOT AVAILABLE,32504,64%,,
,,,,
index,b12_12_new,#VALUE!,What is the risk involved in the instrument ,Precious Metals (Gold / Silver / Diamond / Platinum etc.)
Total,50453,100%,,
HIGH,3199,6%,,
LOW,9724,19%,,
MEDIUM,12237,24%,,
NOT AVAILABLE,25293,50%,,
,,,,
index,b12_13_new,#VALUE!,What is the risk involved in the instrument ,Others (Specify)
Total,50453,100%,,
HIGH,3202,6%,,
LOW,1209,2%,,
MEDIUM,2845,6%,,
NOT AVAILABLE,43197,86%,,
,,,,
index,b12_2_new,#VALUE!,What is the risk involved in the instrument ,Company Deposits
Total,50453,100%,,
HIGH,2501,5%,,
LOW,4123,8%,,
MEDIUM,4502,9%,,
NOT AVAILABLE,39327,78%,,
,,,,
index,b12_3_new,#VALUE!,What is the risk involved in the instrument ,"Post Office Savings Schemes e.g. NSS, KVP etc."
Total,50453,100%,,
HIGH,939,2%,,
LOW,29084,58%,,
MEDIUM,8583,17%,,
NOT AVAILABLE,11847,23%,,
,,,,
index,b12_4_new,#VALUE!,What is the risk involved in the instrument ,Life Insurance 
Total,50453,100%,,
HIGH,1437,3%,,
LOW,26313,52%,,
MEDIUM,16629,33%,,
NOT AVAILABLE,6074,12%,,
,,,,
index,b12_5_new,#VALUE!,What is the risk involved in the instrument ,Pension Schemes
Total,50453,100%,,
HIGH,946,2%,,
LOW,10676,21%,,
MEDIUM,7117,14%,,
NOT AVAILABLE,31714,63%,,
,,,,
index,b12_6_new,#VALUE!,What is the risk involved in the instrument ,Mutual Funds / SIP
Total,50453,100%,,
HIGH,2660,5%,,
LOW,1795,4%,,
MEDIUM,6132,12%,,
NOT AVAILABLE,39866,79%,,
,,,,
index,b12_7_new,#VALUE!,What is the risk involved in the instrument ,Equity / Stocks / Shares
Total,50453,100%,,
HIGH,3838,8%,,
LOW,1188,2%,,
MEDIUM,4670,9%,,
NOT AVAILABLE,40757,81%,,
,,,,
index,b13_1_new,#VALUE!,What is the liquidity involved in the instrument ,Bank Deposits (Fixed / Recurring / Savings)
Total,50453,100%,,
HIGH,24967,49%,,
LOW,10177,20%,,
MEDIUM,14326,28%,,
NOT AVAILABLE,983,2%,,
,,,,
index,b13_11_new,#VALUE!,What is the liquidity involved in the instrument ,Real Estate
Total,50453,100%,,
HIGH,4974,10%,,
LOW,3523,7%,,
MEDIUM,9427,19%,,
NOT AVAILABLE,32529,64%,,
,,,,
index,b13_12_new,#VALUE!,What is the liquidity involved in the instrument ,Precious Metals (Gold / Silver / Diamond / Platinum etc.)
Total,50453,100%,,
HIGH,9288,18%,,
LOW,4833,10%,,
MEDIUM,10769,21%,,
NOT AVAILABLE,25563,51%,,
,,,,
index,b13_13_new,#VALUE!,What is the liquidity involved in the instrument ,Others (Specify)
Total,50453,100%,,
HIGH,662,1%,,
LOW,1844,4%,,
MEDIUM,4224,8%,,
NOT AVAILABLE,43723,87%,,
,,,,
index,b13_2_new,#VALUE!,What is the liquidity involved in the instrument ,Company Deposits
Total,50453,100%,,
HIGH,2679,5%,,
LOW,3589,7%,,
MEDIUM,5249,10%,,
NOT AVAILABLE,38936,77%,,
,,,,
index,b13_3_new,#VALUE!,What is the liquidity involved in the instrument ,"Post Office Savings Schemes e.g. NSS, KVP etc."
Total,50453,100%,,
HIGH,14100,28%,,
LOW,9292,18%,,
MEDIUM,15192,30%,,
NOT AVAILABLE,11869,24%,,
,,,,
index,b13_4_new,#VALUE!,What is the liquidity involved in the instrument ,Life Insurance 
Total,50453,100%,,
HIGH,9935,20%,,
LOW,11585,23%,,
MEDIUM,22848,45%,,
NOT AVAILABLE,6085,12%,,
,,,,
index,b13_5_new,#VALUE!,What is the liquidity involved in the instrument ,Pension Schemes
Total,50453,100%,,
HIGH,3468,7%,,
LOW,5777,11%,,
MEDIUM,9732,19%,,
NOT AVAILABLE,31476,62%,,
,,,,
index,b13_6_new,#VALUE!,What is the liquidity involved in the instrument ,Mutual Funds / SIP
Total,50453,100%,,
HIGH,2110,4%,,
LOW,2328,5%,,
MEDIUM,6119,12%,,
NOT AVAILABLE,39896,79%,,
,,,,
index,b13_7_new,#VALUE!,What is the liquidity involved in the instrument ,Equity / Stocks / Shares
Total,50453,100%,,
HIGH,3002,6%,,
LOW,1685,3%,,
MEDIUM,4988,10%,,
NOT AVAILABLE,40778,81%,,
,,,,
index,b2_new,#VALUE!,Do you Buy equity/stocks/shares,
Total,50453,100%,,
NO,38355,76%,,
NOT AVAILABLE,916,2%,,
YES,11182,22%,,
,,,,
index,b3_new,#VALUE!,Do you think that CEO or Brand means a better performing stock,
Total,50453,100%,,
NO,38513,76%,,
NOT AVAILABLE,891,2%,,
YES,11049,22%,,
,,,,
index,bI11_dist10_1_new,#VALUE!,"How will you distribute Rs. 10,00,000 in instruments percentage wise in",Commodities – Futures 
Total,50453,100%,,
0,243,0%,,
1,3,0%,,
10,828,2%,,
100,8272,16%,,
14,1,0%,,
15,327,1%,,
2,7,0%,,
20,2636,5%,,
22,1,0%,,
25,3397,7%,,
26,3,0%,,
28,8,0%,,
3,3,0%,,
30,3770,7%,,
32,1,0%,,
34,5,0%,,
35,1536,3%,,
36,1,0%,,
37,2,0%,,
38,20,0%,,
40,3535,7%,,
42,23,0%,,
43,6,0%,,
44,7,0%,,
45,1075,2%,,
48,43,0%,,
5,340,1%,,
50,6970,14%,,
51,4,0%,,
52,19,0%,,
53,1,0%,,
54,5,0%,,
55,487,1%,,
56,6,0%,,
57,4,0%,,
58,27,0%,,
59,7,0%,,
60,3500,7%,,
61,3,0%,,
62,9,0%,,
63,1,0%,,
64,1,0%,,
65,994,2%,,
68,13,0%,,
70,2760,5%,,
72,16,0%,,
75,1333,3%,,
76,20,0%,,
77,4,0%,,
78,26,0%,,
8,1,0%,,
80,3314,7%,,
82,32,0%,,
84,5,0%,,
85,614,1%,,
86,1,0%,,
87,7,0%,,
88,5,0%,,
89,4,0%,,
90,984,2%,,
91,1,0%,,
92,4,0%,,
95,70,0%,,
99,1,0%,,
NOT AVAILABLE,3107,6%,,
,,,,
index,bI11_dist10_11_new,#VALUE!,"How will you distribute Rs. 10,00,000 in instruments percentage wise in",Real Estate
Total,50453,100%,,
0,2751,5%,,
10,565,1%,,
100,301,1%,,
15,929,2%,,
19,1,0%,,
20,2483,5%,,
24,8,0%,,
25,1045,2%,,
28,12,0%,,
3,1,0%,,
30,1007,2%,,
32,3,0%,,
35,186,0%,,
38,6,0%,,
40,662,1%,,
41,3,0%,,
44,9,0%,,
45,88,0%,,
48,1,0%,,
5,48,0%,,
50,702,1%,,
52,1,0%,,
54,1,0%,,
55,24,0%,,
58,5,0%,,
60,402,1%,,
63,2,0%,,
65,50,0%,,
70,296,1%,,
75,117,0%,,
8,1,0%,,
80,217,0%,,
85,76,0%,,
87,3,0%,,
9,2,0%,,
90,129,0%,,
92,6,0%,,
95,16,0%,,
98,6,0%,,
99,2,0%,,
NOT AVAILABLE,38286,76%,,
,,,,
index,bI11_dist10_12_new,#VALUE!,"How will you distribute Rs. 10,00,000 in instruments percentage wise in",Precious Metals (Gold / Silver / Diamond / Platinum etc.)
Total,50453,100%,,
0,2846,6%,,
10,3613,7%,,
100,50,0%,,
13,1,0%,,
15,1257,2%,,
2,9,0%,,
20,2748,5%,,
22,5,0%,,
23,3,0%,,
24,3,0%,,
25,1916,4%,,
26,1,0%,,
28,3,0%,,
3,8,0%,,
30,1672,3%,,
32,3,0%,,
34,1,0%,,
35,345,1%,,
40,885,2%,,
42,1,0%,,
45,131,0%,,
5,437,1%,,
50,1066,2%,,
52,1,0%,,
55,45,0%,,
56,3,0%,,
58,1,0%,,
60,229,0%,,
65,76,0%,,
70,90,0%,,
75,72,0%,,
8,1,0%,,
80,43,0%,,
85,31,0%,,
90,21,0%,,
95,2,0%,,
NOT AVAILABLE,32834,65%,,
,,,,
index,bI11_dist10_3_new,#VALUE!,"How will you distribute Rs. 10,00,000 in instruments percentage wise in","Post Office Savings Schemes e.g. NSS, KVP etc."
Total,50453,100%,,
0,2621,5%,,
10,4114,8%,,
100,53,0%,,
12,1,0%,,
15,1768,4%,,
16,2,0%,,
17,6,0%,,
2,5,0%,,
20,4397,9%,,
25,2989,6%,,
28,2,0%,,
30,2576,5%,,
33,2,0%,,
35,415,1%,,
37,4,0%,,
40,906,2%,,
42,6,0%,,
44,1,0%,,
45,89,0%,,
46,3,0%,,
48,5,0%,,
49,4,0%,,
5,179,0%,,
50,759,2%,,
52,3,0%,,
55,19,0%,,
56,3,0%,,
60,206,0%,,
62,1,0%,,
65,8,0%,,
66,5,0%,,
70,17,0%,,
75,12,0%,,
80,11,0%,,
NOT AVAILABLE,29261,58%,,
,,,,
index,bI11_dist10_4_new,#VALUE!,"How will you distribute Rs. 10,00,000 in instruments percentage wise in",Life Insurance 
Total,50453,100%,,
0,1875,4%,,
10,7967,16%,,
100,353,1%,,
11,7,0%,,
12,20,0%,,
13,8,0%,,
14,1,0%,,
15,1919,4%,,
16,5,0%,,
17,9,0%,,
18,41,0%,,
2,9,0%,,
20,7212,14%,,
22,23,0%,,
23,5,0%,,
24,12,0%,,
25,3981,8%,,
27,6,0%,,
28,18,0%,,
3,14,0%,,
30,3155,6%,,
32,11,0%,,
35,593,1%,,
38,4,0%,,
40,2168,4%,,
42,9,0%,,
43,3,0%,,
44,4,0%,,
45,507,1%,,
47,1,0%,,
48,15,0%,,
5,1400,3%,,
50,2717,5%,,
52,12,0%,,
55,76,0%,,
56,7,0%,,
57,1,0%,,
58,3,0%,,
60,224,0%,,
62,2,0%,,
65,43,0%,,
70,73,0%,,
75,32,0%,,
8,5,0%,,
80,43,0%,,
90,10,0%,,
NOT AVAILABLE,15850,31%,,
,,,,
index,bI11_dist10_5_new,#VALUE!,"How will you distribute Rs. 10,00,000 in instruments percentage wise in",Pension Schemes
Total,50453,100%,,
0,2817,6%,,
10,1511,3%,,
100,8,0%,,
12,3,0%,,
15,505,1%,,
2,3,0%,,
20,1027,2%,,
25,287,1%,,
28,4,0%,,
3,4,0%,,
30,198,0%,,
35,27,0%,,
39,3,0%,,
4,1,0%,,
40,71,0%,,
41,4,0%,,
45,10,0%,,
5,127,0%,,
50,36,0%,,
52,12,0%,,
55,5,0%,,
56,2,0%,,
58,9,0%,,
59,1,0%,,
60,5,0%,,
68,1,0%,,
70,7,0%,,
75,2,0%,,
9,1,0%,,
NOT AVAILABLE,43762,87%,,
,,,,
index,bI11_dist1_1_new,#VALUE!,"How will you distribute Rs. 1,00,000 in instruments percentage wise in ",Bank Deposits (Fixed / Recurring / Savings)
Total,50453,100%,,
0,187,0%,,
10,724,1%,,
100,9118,18%,,
15,305,1%,,
18,1,0%,,
2,7,0%,,
20,3189,6%,,
25,3816,8%,,
28,11,0%,,
30,3328,7%,,
35,1344,3%,,
36,1,0%,,
38,12,0%,,
39,3,0%,,
40,3594,7%,,
41,7,0%,,
42,24,0%,,
43,3,0%,,
44,6,0%,,
45,965,2%,,
46,5,0%,,
47,1,0%,,
48,20,0%,,
49,4,0%,,
5,15,0%,,
50,6795,13%,,
52,44,0%,,
55,482,1%,,
56,6,0%,,
57,2,0%,,
58,34,0%,,
60,4079,8%,,
62,2,0%,,
65,906,2%,,
66,5,0%,,
68,17,0%,,
70,2297,5%,,
72,3,0%,,
73,1,0%,,
75,1226,2%,,
78,33,0%,,
79,5,0%,,
8,1,0%,,
80,2918,6%,,
81,8,0%,,
82,17,0%,,
85,605,1%,,
86,2,0%,,
87,3,0%,,
88,13,0%,,
89,9,0%,,
90,941,2%,,
92,7,0%,,
93,1,0%,,
94,8,0%,,
95,95,0%,,
NOT AVAILABLE,3198,6%,,
,,,,
index,bI11_dist1_11_new,#VALUE!,"How will you distribute Rs. 1,00,000 in instruments percentage wise in ",Real Estate
Total,50453,100%,,
0,3412,7%,,
10,512,1%,,
100,160,0%,,
12,8,0%,,
15,887,2%,,
20,2501,5%,,
21,4,0%,,
24,1,0%,,
25,1078,2%,,
28,1,0%,,
30,1026,2%,,
33,3,0%,,
35,217,0%,,
36,1,0%,,
37,5,0%,,
38,9,0%,,
40,666,1%,,
42,4,0%,,
45,57,0%,,
46,1,0%,,
48,3,0%,,
5,36,0%,,
50,743,1%,,
52,1,0%,,
55,23,0%,,
56,9,0%,,
59,3,0%,,
60,356,1%,,
62,5,0%,,
65,6,0%,,
70,198,0%,,
72,2,0%,,
75,48,0%,,
80,139,0%,,
85,19,0%,,
90,26,0%,,
98,6,0%,,
NOT AVAILABLE,38277,76%,,
,,,,
index,bI11_dist1_12_new,#VALUE!,"How will you distribute Rs. 1,00,000 in instruments percentage wise in ",Precious Metals (Gold / Silver / Diamond / Platinum etc.)
Total,50453,100%,,
0,3123,6%,,
10,3288,7%,,
100,83,0%,,
12,6,0%,,
15,1127,2%,,
17,3,0%,,
18,2,0%,,
2,7,0%,,
20,2557,5%,,
22,5,0%,,
25,2226,4%,,
3,14,0%,,
30,1787,4%,,
32,1,0%,,
35,304,1%,,
37,1,0%,,
38,1,0%,,
40,998,2%,,
42,1,0%,,
44,3,0%,,
45,110,0%,,
48,1,0%,,
5,192,0%,,
50,1119,2%,,
55,32,0%,,
60,245,0%,,
65,39,0%,,
70,181,0%,,
75,109,0%,,
80,106,0%,,
85,34,0%,,
90,13,0%,,
NOT AVAILABLE,32735,65%,,
,,,,
index,bI11_dist1_3_new,#VALUE!,"How will you distribute Rs. 1,00,000 in instruments percentage wise in ","Post Office Savings Schemes e.g. NSS, KVP etc."
Total,50453,100%,,
0,3318,7%,,
10,3673,7%,,
100,74,0%,,
15,1696,3%,,
18,1,0%,,
20,4244,8%,,
22,3,0%,,
25,2919,6%,,
30,2617,5%,,
34,5,0%,,
35,258,1%,,
38,1,0%,,
40,837,2%,,
44,2,0%,,
45,86,0%,,
48,3,0%,,
5,142,0%,,
50,1019,2%,,
51,4,0%,,
52,5,0%,,
54,3,0%,,
55,12,0%,,
56,1,0%,,
58,6,0%,,
60,205,0%,,
65,14,0%,,
70,12,0%,,
75,14,0%,,
80,14,0%,,
NOT AVAILABLE,29265,58%,,
,,,,
index,bI11_dist1_4_new,#VALUE!,"How will you distribute Rs. 1,00,000 in instruments percentage wise in ",Life Insurance 
Total,50453,100%,,
0,2955,6%,,
10,6989,14%,,
100,408,1%,,
12,4,0%,,
13,3,0%,,
15,1868,4%,,
17,16,0%,,
18,17,0%,,
19,12,0%,,
2,2,0%,,
20,7064,14%,,
21,3,0%,,
22,42,0%,,
25,4048,8%,,
27,4,0%,,
28,2,0%,,
30,3172,6%,,
32,12,0%,,
35,544,1%,,
38,1,0%,,
4,2,0%,,
40,2611,5%,,
42,5,0%,,
43,1,0%,,
44,6,0%,,
45,486,1%,,
48,14,0%,,
5,1000,2%,,
50,2649,5%,,
52,12,0%,,
53,1,0%,,
55,72,0%,,
56,5,0%,,
57,3,0%,,
58,8,0%,,
6,15,0%,,
60,240,0%,,
62,5,0%,,
65,34,0%,,
7,1,0%,,
70,51,0%,,
75,46,0%,,
8,8,0%,,
80,19,0%,,
90,11,0%,,
NOT AVAILABLE,15982,32%,,
,,,,
index,bI11_dist1_5_new,#VALUE!,"How will you distribute Rs. 1,00,000 in instruments percentage wise in ",Pension Schemes
Total,50453,100%,,
0,2853,6%,,
10,1490,3%,,
100,8,0%,,
15,492,1%,,
20,1062,2%,,
25,302,1%,,
28,4,0%,,
3,1,0%,,
30,256,1%,,
32,4,0%,,
35,24,0%,,
40,79,0%,,
41,1,0%,,
42,9,0%,,
44,2,0%,,
45,2,0%,,
48,12,0%,,
5,99,0%,,
50,52,0%,,
55,10,0%,,
59,4,0%,,
6,5,0%,,
60,13,0%,,
61,3,0%,,
70,1,0%,,
NOT AVAILABLE,43665,87%,,
,,,,
index,bI11_time10_1_new,#VALUE!,"What will be the time horizon in years if you invest Rs.10,00,000 in above mentioned instruments ",Bank Deposits (Fixed / Recurring / Savings)
Total,50453,100%,,
0,293,1%,,
1,914,2%,,
10,6180,12%,,
100,5,0%,,
11,25,0%,,
110,2,0%,,
12,883,2%,,
13,18,0%,,
14,279,1%,,
15,2120,4%,,
16,189,0%,,
17,2,0%,,
18,75,0%,,
2,3334,7%,,
20,958,2%,,
21,1,0%,,
25,287,1%,,
28,1,0%,,
3,4039,8%,,
30,578,1%,,
31,1,0%,,
32,1,0%,,
34,1,0%,,
35,391,1%,,
4,1719,3%,,
40,119,0%,,
45,2,0%,,
5,15235,30%,,
50,49,0%,,
55,2,0%,,
58,1,0%,,
6,4663,9%,,
60,2,0%,,
7,2400,5%,,
70,1,0%,,
8,2267,4%,,
80,4,0%,,
9,313,1%,,
90,5,0%,,
NOT AVAILABLE,3094,6%,,
,,,,
index,bI11_time10_11_new,#VALUE!,"What will be the time horizon in years if you invest Rs.10,00,000 in above mentioned instruments ",Real Estate
Total,50453,100%,,
0,1077,2%,,
1,604,1%,,
10,1161,2%,,
100,1,0%,,
12,84,0%,,
13,3,0%,,
14,13,0%,,
15,263,1%,,
16,33,0%,,
18,51,0%,,
19,5,0%,,
2,1618,3%,,
20,219,0%,,
22,5,0%,,
25,61,0%,,
3,1121,2%,,
30,48,0%,,
4,377,1%,,
40,6,0%,,
5,2824,6%,,
50,7,0%,,
6,403,1%,,
7,135,0%,,
8,322,1%,,
85,1,0%,,
9,33,0%,,
NOT AVAILABLE,39978,79%,,
,,,,
index,bI11_time10_12_new,#VALUE!,"What will be the time horizon in years if you invest Rs.10,00,000 in above mentioned instruments ",Precious Metals (Gold / Silver / Diamond / Platinum etc.)
Total,50453,100%,,
0,1423,3%,,
1,2429,5%,,
10,1165,2%,,
11,5,0%,,
12,86,0%,,
13,2,0%,,
15,205,0%,,
18,15,0%,,
2,3958,8%,,
20,264,1%,,
23,1,0%,,
25,110,0%,,
3,1830,4%,,
30,22,0%,,
302,2,0%,,
4,655,1%,,
40,5,0%,,
5,3144,6%,,
50,4,0%,,
6,294,1%,,
7,124,0%,,
70,2,0%,,
75,1,0%,,
8,384,1%,,
80,4,0%,,
9,56,0%,,
NOT AVAILABLE,34263,68%,,
,,,,
index,bI11_time10_3_new,#VALUE!,"What will be the time horizon in years if you invest Rs.10,00,000 in above mentioned instruments ","Post Office Savings Schemes e.g. NSS, KVP etc."
Total,50453,100%,,
0,1075,2%,,
1,443,1%,,
10,1696,3%,,
11,8,0%,,
12,419,1%,,
13,3,0%,,
14,98,0%,,
15,698,1%,,
16,54,0%,,
18,43,0%,,
2,2346,5%,,
20,732,1%,,
22,3,0%,,
24,1,0%,,
25,653,1%,,
3,1596,3%,,
30,380,1%,,
35,65,0%,,
4,636,1%,,
40,1,0%,,
45,1,0%,,
5,5740,11%,,
50,5,0%,,
6,900,2%,,
7,699,1%,,
8,1174,2%,,
9,161,0%,,
NOT AVAILABLE,30823,61%,,
,,,,
index,bI11_time10_4_new,#VALUE!,"What will be the time horizon in years if you invest Rs.10,00,000 in above mentioned instruments ",Life Insurance 
Total,50453,100%,,
0,981,2%,,
1,115,0%,,
10,10015,20%,,
100,2,0%,,
11,44,0%,,
12,1180,2%,,
13,54,0%,,
14,107,0%,,
15,7122,14%,,
1596,3,0%,,
16,482,1%,,
17,7,0%,,
18,384,1%,,
19,11,0%,,
2,675,1%,,
20,3252,6%,,
22,26,0%,,
24,4,0%,,
25,1189,2%,,
26,4,0%,,
28,4,0%,,
3,419,1%,,
30,97,0%,,
35,11,0%,,
36,2,0%,,
4,233,0%,,
40,7,0%,,
5,4510,9%,,
50,20,0%,,
6,504,1%,,
7,982,2%,,
70,1,0%,,
75,1,0%,,
8,933,2%,,
85,1,0%,,
9,325,1%,,
90,1,0%,,
NOT AVAILABLE,16745,33%,,
,,,,
index,bI11_time1_1_new,#VALUE!,"What will be the time horizon in years if you invest Rs.1,00,000 in above mentioned instruments ",Bank Deposits (Fixed / Recurring / Savings)
Total,50453,100%,,
0,247,0%,,
1,1057,2%,,
10,4555,9%,,
100,3,0%,,
11,27,0%,,
12,639,1%,,
13,14,0%,,
14,113,0%,,
15,1214,2%,,
16,104,0%,,
17,1,0%,,
18,53,0%,,
19,1,0%,,
2,4447,9%,,
20,1174,2%,,
21,1,0%,,
25,296,1%,,
28,1,0%,,
3,4038,8%,,
30,536,1%,,
32,1,0%,,
35,408,1%,,
4,1537,3%,,
40,103,0%,,
45,4,0%,,
5,18170,36%,,
50,67,0%,,
510,2,0%,,
55,2,0%,,
6,3842,8%,,
7,1853,4%,,
8,2502,5%,,
9,244,0%,,
NOT AVAILABLE,3197,6%,,
,,,,
index,bI11_time1_11_new,#VALUE!,"What will be the time horizon in years if you invest Rs.1,00,000 in above mentioned instruments ",Real Estate
Total,50453,100%,,
0,1635,3%,,
1,505,1%,,
10,995,2%,,
11,2,0%,,
12,59,0%,,
13,5,0%,,
14,43,0%,,
15,176,0%,,
16,20,0%,,
18,44,0%,,
19,5,0%,,
2,1612,3%,,
20,82,0%,,
25,27,0%,,
3,1154,2%,,
30,9,0%,,
35,1,0%,,
4,403,1%,,
40,1,0%,,
5,2847,6%,,
6,301,1%,,
7,104,0%,,
8,334,1%,,
9,33,0%,,
NOT AVAILABLE,40056,79%,,
,,,,
index,bI11_time1_12_new,#VALUE!,"What will be the time horizon in years if you invest Rs.1,00,000 in above mentioned instruments ",Precious Metals (Gold / Silver / Diamond / Platinum etc.)
Total,50453,100%,,
0,1595,3%,,
1,3795,8%,,
10,1185,2%,,
11,2,0%,,
12,54,0%,,
13,3,0%,,
14,2,0%,,
15,108,0%,,
18,6,0%,,
2,3202,6%,,
20,211,0%,,
25,16,0%,,
3,1746,3%,,
30,31,0%,,
4,608,1%,,
40,5,0%,,
5,2998,6%,,
50,1,0%,,
6,284,1%,,
7,70,0%,,
8,248,0%,,
85,2,0%,,
9,20,0%,,
NOT AVAILABLE,34261,68%,,
,,,,
index,bI11_time1_3_new,#VALUE!,"What will be the time horizon in years if you invest Rs.1,00,000 in above mentioned instruments ","Post Office Savings Schemes e.g. NSS, KVP etc."
Total,50453,100%,,
0,1710,3%,,
1,448,1%,,
10,1368,3%,,
11,3,0%,,
12,401,1%,,
13,9,0%,,
14,66,0%,,
15,643,1%,,
16,36,0%,,
18,12,0%,,
2,2367,5%,,
20,864,2%,,
24,3,0%,,
25,567,1%,,
3,1605,3%,,
30,463,1%,,
35,54,0%,,
4,711,1%,,
40,12,0%,,
5,5812,12%,,
50,1,0%,,
6,673,1%,,
7,638,1%,,
8,1034,2%,,
85,1,0%,,
9,88,0%,,
NOT AVAILABLE,30864,61%,,
,,,,
index,bI11_time1_4_new,#VALUE!,"What will be the time horizon in years if you invest Rs.1,00,000 in above mentioned instruments ",Life Insurance 
Total,50453,100%,,
0,2128,4%,,
1,104,0%,,
10,10085,20%,,
11,93,0%,,
12,1364,3%,,
13,61,0%,,
14,244,0%,,
15,5934,12%,,
16,425,1%,,
17,5,0%,,
18,205,0%,,
2,625,1%,,
20,3098,6%,,
210,1,0%,,
22,5,0%,,
23,5,0%,,
24,2,0%,,
25,919,2%,,
27,2,0%,,
28,3,0%,,
3,549,1%,,
30,145,0%,,
34,2,0%,,
35,14,0%,,
36,2,0%,,
4,219,0%,,
40,44,0%,,
45,2,0%,,
48,2,0%,,
5,4527,9%,,
50,31,0%,,
6,422,1%,,
7,1050,2%,,
8,1001,2%,,
9,309,1%,,
NOT AVAILABLE,16826,33%,,
,,,,
index,bI1_11_new,#VALUE!,Have you invested in the instrument,Real Estate
Total,50453,100%,,
NO,11013,22%,,
NOT AVAILABLE,31546,63%,,
YES,7894,16%,,
,,,,
index,bI1_12_new,#VALUE!,Have you invested in the instrument,Precious Metals (Gold / Silver / Diamond / Platinum etc.)
Total,50453,100%,,
NO,12282,24%,,
NOT AVAILABLE,24905,49%,,
YES,13266,26%,,
,,,,
index,bI1_2_new,#VALUE!,Have you invested in the instrument,Company Deposits
Total,50453,100%,,
NO,10389,21%,,
NOT AVAILABLE,37603,75%,,
YES,2461,5%,,
,,,,
index,bI1_3_new,#VALUE!,Have you invested in the instrument,"Post Office Savings Schemes e.g. NSS, KVP etc."
Total,50453,100%,,
NO,22627,45%,,
NOT AVAILABLE,12153,24%,,
YES,15673,31%,,
,,,,
index,bI1_4_new,#VALUE!,Have you invested in the instrument,Life Insurance 
Total,50453,100%,,
NO,13227,26%,,
NOT AVAILABLE,7011,14%,,
YES,30215,60%,,
,,,,
index,bI1_5_new,#VALUE!,Have you invested in the instrument,Pension Schemes
Total,50453,100%,,
NO,18212,36%,,
NOT AVAILABLE,28301,56%,,
YES,3940,8%,,
,,,,
index,bI1_6_new,#VALUE!,Have you invested in the instrument,Mutual Funds / SIP
Total,50453,100%,,
NO,7844,16%,,
NOT AVAILABLE,38987,77%,,
YES,3622,7%,,
,,,,
index,bI1_7_new,#VALUE!,Have you invested in the instrument,Equity / Stocks / Shares
Total,50453,100%,,
NO,8427,17%,,
NOT AVAILABLE,39147,78%,,
YES,2879,6%,,
,,,,
index,bI1_9_new,#VALUE!,Have you invested in the instrument,Debentures / Bonds
Total,50453,100%,,
NO,5266,10%,,
NOT AVAILABLE,43910,87%,,
YES,1277,3%,,
,,,,
index,bII_1_11_new,#VALUE!,Have you Ever invested in these saving and investments options?,Real Estate
Total,50453,100%,,
NOT AVAILABLE,43580,86%,,
YES,6873,14%,,
,,,,
index,bII_1_12_new,#VALUE!,Have you Ever invested in these saving and investments options?,Precious Metals (Gold / Silver / Diamond / Platinum etc.)
Total,50453,100%,,
NO,3374,7%,,
NOT AVAILABLE,34523,68%,,
YES,12556,25%,,
,,,,
index,bII_1_3_new,#VALUE!,Have you Ever invested in these saving and investments options?,"Post Office Savings Schemes e.g. NSS, KVP etc."
Total,50453,100%,,
NO,5089,10%,,
NOT AVAILABLE,30381,60%,,
YES,14983,30%,,
,,,,
index,bII_1_4_new,#VALUE!,Have you Ever invested in these saving and investments options?,Life Insurance 
Total,50453,100%,,
NO,2661,5%,,
NOT AVAILABLE,18721,37%,,
YES,29071,58%,,
,,,,
index,bII_1_5_new,#VALUE!,Have you Ever invested in these saving and investments options?,Pension Schemes
Total,50453,100%,,
NO,3606,7%,,
NOT AVAILABLE,43489,86%,,
YES,3358,7%,,
,,,,
index,bII_2_1_new,#VALUE!,What is your expected Rate of Returns for instrument,Bank Deposits (Fixed / Recurring / Savings)
Total,50453,100%,,
HIGH,21771,43%,,
LOW,10288,20%,,
MEDIUM,14763,29%,,
NOT AVAILABLE,3631,7%,,
,,,,
index,bII_2_11_new,#VALUE!,What is your expected Rate of Returns for instrument,Real Estate
Total,50453,100%,,
HIGH,4035,8%,,
LOW,566,1%,,
MEDIUM,2320,5%,,
NOT AVAILABLE,43532,86%,,
,,,,
index,bII_2_12_new,#VALUE!,What is your expected Rate of Returns for instrument,Precious Metals (Gold / Silver / Diamond / Platinum etc.)
Total,50453,100%,,
HIGH,5521,11%,,
LOW,1191,2%,,
MEDIUM,5889,12%,,
NOT AVAILABLE,37852,75%,,
,,,,
index,bII_2_3_new,#VALUE!,What is your expected Rate of Returns for instrument,"Post Office Savings Schemes e.g. NSS, KVP etc."
Total,50453,100%,,
HIGH,7156,14%,,
LOW,2531,5%,,
MEDIUM,5360,11%,,
NOT AVAILABLE,35406,70%,,
,,,,
index,bII_2_4_new,#VALUE!,What is your expected Rate of Returns for instrument,Life Insurance 
Total,50453,100%,,
HIGH,9439,19%,,
LOW,4147,8%,,
MEDIUM,15585,31%,,
NOT AVAILABLE,21282,42%,,
,,,,
index,bII_3_1_new,#VALUE!,How safe is your investment in the instrument,Bank Deposits (Fixed / Recurring / Savings)
Total,50453,100%,,
NOT AVAILABLE,3635,7%,,
SAFE,8403,17%,,
UNSAFE,41,0%,,
VERY SAFE,38324,76%,,
VERY UNSAFE,50,0%,,
,,,,
index,bII_3_11_new,#VALUE!,How safe is your investment in the instrument,Real Estate
Total,50453,100%,,
NOT AVAILABLE,43552,86%,,
SAFE,2761,5%,,
UNSAFE,732,1%,,
VERY SAFE,3291,7%,,
VERY UNSAFE,117,0%,,
,,,,
index,bII_3_12_new,#VALUE!,How safe is your investment in the instrument,Precious Metals (Gold / Silver / Diamond / Platinum etc.)
Total,50453,100%,,
NOT AVAILABLE,37872,75%,,
SAFE,5511,11%,,
UNSAFE,1126,2%,,
VERY SAFE,5899,12%,,
VERY UNSAFE,45,0%,,
,,,,
index,bII_3_3_new,#VALUE!,How safe is your investment in the instrument,"Post Office Savings Schemes e.g. NSS, KVP etc."
Total,50453,100%,,
NOT AVAILABLE,35418,70%,,
SAFE,3754,7%,,
UNSAFE,58,0%,,
VERY SAFE,11188,22%,,
VERY UNSAFE,35,0%,,
,,,,
index,bII_3_4_new,#VALUE!,How safe is your investment in the instrument,Life Insurance 
Total,50453,100%,,
NOT AVAILABLE,21290,42%,,
SAFE,10988,22%,,
UNSAFE,365,1%,,
VERY SAFE,17703,35%,,
VERY UNSAFE,107,0%,,
,,,,
index,bII_4_1_new,#VALUE!,How liquid is your investment in the instrument,Bank Deposits (Fixed / Recurring / Savings)
Total,50453,100%,,
HIGHLY LIQUID,25350,50%,,
ILLIQUID,2613,5%,,
MODERATELY LIQUID,18827,37%,,
NOT AVAILABLE,3663,7%,,
,,,,
index,bII_4_11_new,#VALUE!,How liquid is your investment in the instrument,Real Estate
Total,50453,100%,,
HIGHLY LIQUID,1694,3%,,
ILLIQUID,973,2%,,
MODERATELY LIQUID,4223,8%,,
NOT AVAILABLE,43563,86%,,
,,,,
index,bII_4_12_new,#VALUE!,How liquid is your investment in the instrument,Precious Metals (Gold / Silver / Diamond / Platinum etc.)
Total,50453,100%,,
HIGHLY LIQUID,7519,15%,,
ILLIQUID,820,2%,,
MODERATELY LIQUID,4231,8%,,
NOT AVAILABLE,37883,75%,,
,,,,
index,bII_4_3_new,#VALUE!,How liquid is your investment in the instrument,"Post Office Savings Schemes e.g. NSS, KVP etc."
Total,50453,100%,,
HIGHLY LIQUID,7261,14%,,
ILLIQUID,772,2%,,
MODERATELY LIQUID,7113,14%,,
NOT AVAILABLE,35307,70%,,
,,,,
index,bII_4_4_new,#VALUE!,How liquid is your investment in the instrument,Life Insurance 
Total,50453,100%,,
HIGHLY LIQUID,7715,15%,,
ILLIQUID,4667,9%,,
MODERATELY LIQUID,16774,33%,,
NOT AVAILABLE,21297,42%,,
,,,,
index,bII_5_1_new,#VALUE!,Is this investment in the instrument transferable in open market?,Bank Deposits (Fixed / Recurring / Savings)
Total,50453,100%,,
NO,19408,38%,,
NOT AVAILABLE,3622,7%,,
NOT AWARE,6489,13%,,
YES,20934,41%,,
,,,,
index,bII_5_11_new,#VALUE!,Is this investment in the instrument transferable in open market?,Real Estate
Total,50453,100%,,
NO,856,2%,,
NOT AVAILABLE,43569,86%,,
NOT AWARE,581,1%,,
YES,5447,11%,,
,,,,
index,bII_5_12_new,#VALUE!,Is this investment in the instrument transferable in open market?,Precious Metals (Gold / Silver / Diamond / Platinum etc.)
Total,50453,100%,,
NO,575,1%,,
NOT AVAILABLE,37883,75%,,
NOT AWARE,729,1%,,
YES,11266,22%,,
,,,,
index,bII_5_3_new,#VALUE!,Is this investment in the instrument transferable in open market?,"Post Office Savings Schemes e.g. NSS, KVP etc."
Total,50453,100%,,
NO,5871,12%,,
NOT AVAILABLE,35453,70%,,
NOT AWARE,2391,5%,,
YES,6738,13%,,
,,,,
index,bII_5_4_new,#VALUE!,Is this investment in the instrument transferable in open market?,Life Insurance 
Total,50453,100%,,
NO,12626,25%,,
NOT AVAILABLE,21307,42%,,
NOT AWARE,4589,9%,,
YES,11931,24%,,
,,,,
index,bII_6_1_new,#VALUE!,How easy/difficult is to invest in the instrument,Bank Deposits (Fixed / Recurring / Savings)
Total,50453,100%,,
EASY TO INVEST,39858,79%,,
MODERATELY EASY TO INVEST ,6892,14%,,
NOT AVAILABLE,3613,7%,,
VERY DIFFICULT TO INVEST / SPECIAL TRAINING REQUIRED,90,0%,,
,,,,
index,bII_6_11_new,#VALUE!,How easy/difficult is to invest in the instrument,Real Estate
Total,50453,100%,,
EASY TO INVEST,3581,7%,,
MODERATELY EASY TO INVEST ,2372,5%,,
NOT AVAILABLE,43569,86%,,
VERY DIFFICULT TO INVEST / SPECIAL TRAINING REQUIRED,931,2%,,
,,,,
index,bII_6_12_new,#VALUE!,How easy/difficult is to invest in the instrument,Others (Specify)
Total,50453,100%,,
EASY TO INVEST,10268,20%,,
MODERATELY EASY TO INVEST ,1807,4%,,
NOT AVAILABLE,37883,75%,,
VERY DIFFICULT TO INVEST / SPECIAL TRAINING REQUIRED,495,1%,,
,,,,
index,bII_6_3_new,#VALUE!,How easy/difficult is to invest in the instrument,"Post Office Savings Schemes e.g. NSS, KVP etc."
Total,50453,100%,,
EASY TO INVEST,12166,24%,,
MODERATELY EASY TO INVEST ,2791,6%,,
NOT AVAILABLE,35459,70%,,
VERY DIFFICULT TO INVEST / SPECIAL TRAINING REQUIRED,37,0%,,
,,,,
index,bII_6_4_new,#VALUE!,How easy/difficult is to invest in the instrument,Life Insurance 
Total,50453,100%,,
EASY TO INVEST,20015,40%,,
MODERATELY EASY TO INVEST,8893,18%,,
NOT AVAILABLE,21331,42%,,
VERY DIFFICULT TO INVEST / SPECIAL TRAINING REQUIRED,214,0%,,
,,,,
index,bII_71_1_new,#VALUE!,If answer in column 1 is Yes and last Column is No. How long back have you invested in the instrument,Bank Deposits (Fixed / Recurring / Savings)
Total,50453,100%,,
1-2 YEARS BACK,2009,4%,,
2 YEARS BACK,4163,8%,,
3 YEARS BACK,97,0%,,
6 MONTHS BACK,835,2%,,
6-12 MONTHS BACK,1486,3%,,
NOT AVAILABLE,41863,83%,,
,,,,
index,bII_71_4_new,#VALUE!,If answer in column 1 is Yes and last Column is No. How long back have you invested in the instrument,Life Insurance 
Total,50453,100%,,
1-2 YEARS BACK,1431,3%,,
2 YEARS BACK,3907,8%,,
6 MONTHS BACK,353,1%,,
6-12 MONTHS BACK,1024,2%,,
NOT AVAILABLE,43738,87%,,
,,,,
index,bII_7_1_new,#VALUE!,current investments in the instrument,Bank Deposits (Fixed / Recurring / Savings)
Total,50453,100%,,
NO,5994,12%,,
NOT AVAILABLE,3612,7%,,
YES,40847,81%,,
,,,,
index,bII_7_11_new,#VALUE!,current investments in the instrument,Real Estate
Total,50453,100%,,
NO,1027,2%,,
NOT AVAILABLE,43571,86%,,
YES,5855,12%,,
,,,,
index,bII_7_12_new,#VALUE!,current investments in the instrument,Precious Metals (Gold / Silver / Diamond / Platinum etc.)
Total,50453,100%,,
NO,3323,7%,,
NOT AVAILABLE,37883,75%,,
YES,9247,18%,,
,,,,
index,bII_7_3_new,#VALUE!,current investments in the instrument,"Post Office Savings Schemes e.g. NSS, KVP etc."
Total,50453,100%,,
NO,2468,5%,,
NOT AVAILABLE,35505,70%,,
YES,12480,25%,,
,,,,
index,bII_7_4_new,#VALUE!,current investments in the instrument,Life Insurance 
Total,50453,100%,,
NO,4883,10%,,
NOT AVAILABLE,21348,42%,,
YES,24222,48%,,
,,,,
index,C31_new,#VALUE!,"Have you ever been a victim of financial fraud? If yes, is it in ",Mutual Funds / SIP
Total,50453,100%,,
EQUITY / STOCKS / SHARES,3,0%,,
MUTUAL FUNDS / SIP,13103,26%,,
NOT AVAILABLE,37347,74%,,
,,,,
index,C32_new,#VALUE!,"Have you ever been a victim of financial fraud? If yes, is it in ",Equity / Stocks / Shares
Total,50453,100%,,
DERIVATIVES (EQUITY / CURRENCY),3,0%,,
EQUITY / STOCKS / SHARES,13074,26%,,
NOT AVAILABLE,37376,74%,,
,,,,
index,C33_new,#VALUE!,"Have you ever been a victim of financial fraud? If yes, is it in ",Derivatives (Equity / Currency)
Total,50453,100%,,
DEBENTURES / BONDS,3,0%,,
DERIVATIVES (EQUITY / CURRENCY),13065,26%,,
NOT AVAILABLE,37385,74%,,
,,,,
index,C34_new,#VALUE!,"Have you ever been a victim of financial fraud? If yes, is it in ",Debentures / Bonds
Total,50453,100%,,
COMMODITIES - FUTURES,3,0%,,
DEBENTURES / BONDS,13057,26%,,
NOT AVAILABLE,37393,74%,,
,,,,
index,C35_new,#VALUE!,"Have you ever been a victim of financial fraud? If yes, is it in ",Commodities
Total,50453,100%,,
COMMODITIES - FUTURES,13066,26%,,
NOT AVAILABLE,37387,74%,,
,,,,
index,f11_new,#VALUE!,Since how many years you are participating?,
Total,50453,100%,,
0,21988,44%,,
1,568,1%,,
10,154,0%,,
100,5,0%,,
11,11,0%,,
110,2,0%,,
1110,1,0%,,
111055,1,0%,,
1111,2,0%,,
12,42,0%,,
120,1,0%,,
12330,1,0%,,
13,11,0%,,
14,4,0%,,
15,52,0%,,
150,2,0%,,
151,1,0%,,
16,1,0%,,
17,2,0%,,
19,1,0%,,
190,1,0%,,
2,817,2%,,
20,23,0%,,
202220200,1,0%,,
21555550,1,0%,,
22,2,0%,,
222220,1,0%,,
23,1,0%,,
25,3,0%,,
3,922,2%,,
30,11,0%,,
32,1,0%,,
33,3,0%,,
33330,1,0%,,
333333309,1,0%,,
4,412,1%,,
43,3,0%,,
48,1,0%,,
5,1128,2%,,
50,1,0%,,
52,1,0%,,
53,2,0%,,
56,1,0%,,
6,553,1%,,
60,2,0%,,
7,265,1%,,
70,2,0%,,
763,1,0%,,
8,189,0%,,
80,1,0%,,
9,84,0%,,
MOSTLY,3,0%,,
NOT AVAILABLE,23165,46%,,
